U,theta_0,theta_diff,theta_1c,theta_1s,theta,phi,v_i1,v_i2,Prop_theta_0,Prop_isEnable,delta_e,delta_r,theta_1c_diff,theta_1s_diff,v_01,v_02,beta_01,beta_1c1,beta_1s1,beta_02,beta_1c2,beta_1s2,power_total_LowerRotor,power_total_UpperRotor,power_total_Prop,power_total
1,0.287401675471856,-0.0104306195004624,5.158783333159e-06,0.00423593090292954,0.0478189847274421,-0.000901237732373306,5.25632284385272,10.0681313926129,0,0,0,0,0,0,18.7018657955992,13.5033291387525,0.0163773847525941,-0.00520628832736244,0.000449857247748237,0.0220849219141815,-0.00519151094252084,0.000396357998254582,309518.046509092,590279.846312344,15083.1017574894,911832.532199707
130,0.300528868916719,0.00168405450684664,0.005246269522862,-0.151098099999022,0.00115926659552291,0.00435664427476159,0.902666769446776,0.993040542789322,0.424492139681033,1,0,0,0,0,0.922601189135437,0.993043468688959,0.0172754466340803,0.00472910865981233,-0.0130016768524776,0.0191894690555495,-0.00631010328642819,-0.0195706766984612,356651.291872852,363966.297323354,34547.750727801,755165.339924008
